name,email,phone,address,country,state,pincode,category,country_code
Harold Ray,jim@fif.sh,(880) 538-8666,835 Vuusu Way,CY,NM,pincode,category,
Brian Schwartz,ho@uk.us,(716) 835-8590,1854 Lolhi Pike,ZM,HI,pincode,category,
Cory Collins,batabwo@ifu.gd,(248) 700-8352,1101 Kibub Turnpike,CR,AZ,pincode,category,
Travis Ruiz,mi@emewow.be,(335) 332-5837,592 Rovem Pass,BG,ME,pincode,category,
Lottie McDaniel,sos@nolcunmim.vi,(613) 330-6759,304 Hecga Street,KZ,CT,pincode,category,
Charlie Hunt,roguh@vauvamam.ps,(264) 845-5624,1834 Padohu Junction,QA,ID,pincode,category,
Hettie McCarthy,mub@tepralzi.bw,(481) 771-2213,1760 Dabvuj Ridge,PF,MD,pincode,category,
Hallie Ellis,tuonuvah@mudvub.la,(348) 290-5296,1109 Udse Point,BR,TN,pincode,category,
Carl Ross,so@refozwuv.bh,(347) 322-7222,1177 Liigo Avenue,AT,MT,pincode,category,
Winnie Hammond,jihese@muwsafak.sj,(332) 288-1765,695 Onbut Drive,TF,DE,pincode,category,
